{"cameraMode":{"drawMode":0,"name":"Shaded","section":"Shading Mode"},"sceneLighting":false,"audioPlay":false,"sceneViewState":{"showFog":true,"showMaterialUpdate":false,"showSkybox":false,"showFlares":true,"showImageEffects":true,"showParticleSystems":true},"in2DMode":false,"pivot":{"x":-5.233429908752441,"y":6.6904191970825199,"z":0.6688376665115356},"rotation":{"x":0.221084326505661,"y":-0.7191776037216187,"z":0.2633359134197235,"w":0.6037885546684265},"size":13.03554630279541,"orthographic":true}