{"cameraMode":{"drawMode":0,"name":"Shaded","section":"Shading Mode"},"sceneLighting":false,"audioPlay":false,"sceneViewState":{"showFog":true,"showMaterialUpdate":false,"showSkybox":true,"showFlares":true,"showImageEffects":true,"showParticleSystems":true},"in2DMode":false,"pivot":{"x":13.492589950561524,"y":9.065025329589844,"z":2.2528908252716066},"rotation":{"x":0.3295295238494873,"y":0.4795634150505066,"z":-0.2004983127117157,"w":0.7881847620010376},"size":3.99336838722229,"orthographic":false}