{"cameraMode":{"drawMode":0,"name":"Shaded","section":"Shading Mode"},"sceneLighting":false,"audioPlay":false,"sceneViewState":{"showFog":true,"showMaterialUpdate":false,"showSkybox":true,"showFlares":true,"showImageEffects":true,"showParticleSystems":true},"in2DMode":false,"pivot":{"x":-0.12340165674686432,"y":0.531998872756958,"z":-0.04452671855688095},"rotation":{"x":0.004345698747783899,"y":0.6894862651824951,"z":-0.004136946983635426,"w":0.7242745161056519},"size":1.2795180082321168,"orthographic":true}