{"cameraMode":{"drawMode":0,"name":"Shaded","section":"Shading Mode"},"sceneLighting":false,"audioPlay":false,"sceneViewState":{"showFog":true,"showMaterialUpdate":false,"showSkybox":false,"showFlares":true,"showImageEffects":true,"showParticleSystems":true},"in2DMode":false,"pivot":{"x":12.384881019592286,"y":-6.393084526062012,"z":-6.907679080963135},"rotation":{"x":0.20317977666854859,"y":0.6824274063110352,"z":-0.20662151277065278,"w":0.6710603833198547},"size":18.51067352294922,"orthographic":false}