{"cameraMode":{"drawMode":0,"name":"Shaded","section":"Shading Mode"},"sceneLighting":false,"audioPlay":false,"sceneViewState":{"showFog":true,"showMaterialUpdate":false,"showSkybox":false,"showFlares":true,"showImageEffects":true,"showParticleSystems":true},"in2DMode":false,"pivot":{"x":-0.2567255198955536,"y":0.4640144109725952,"z":-23.066923141479493},"rotation":{"x":-0.03943623974919319,"y":0.42101287841796877,"z":0.018326517194509507,"w":0.9060139060020447},"size":3.6895124912261965,"orthographic":true}