{"cameraMode":{"drawMode":0,"name":"Shaded","section":"Shading Mode"},"sceneLighting":false,"audioPlay":false,"sceneViewState":{"showFog":true,"showMaterialUpdate":false,"showSkybox":false,"showFlares":true,"showImageEffects":true,"showParticleSystems":true},"in2DMode":false,"pivot":{"x":4.702457904815674,"y":-0.5289117693901062,"z":5.100397109985352},"rotation":{"x":0.18380722403526307,"y":0.7211652398109436,"z":-0.20893636345863343,"w":0.6344263553619385},"size":41.91959762573242,"orthographic":false}