{"cameraMode":{"drawMode":0,"name":"Shaded","section":"Shading Mode"},"sceneLighting":false,"audioPlay":false,"sceneViewState":{"showFog":true,"showMaterialUpdate":false,"showSkybox":false,"showFlares":true,"showImageEffects":true,"showParticleSystems":true},"in2DMode":false,"pivot":{"x":-9.386475563049317,"y":-0.1522972732782364,"z":-9.245965957641602},"rotation":{"x":0.15285296738147736,"y":-0.7093045115470886,"z":0.1621178835630417,"w":0.6687754392623901},"size":53.71186065673828,"orthographic":true}